ID Unique,Code,Guess 1,Guess 2,Guess 3,Guess 4,Guess 5
0,8f19,frame040.jpg,frame201.jpg,frame215.jpg,frame072.jpg,frame200.jpg
1,1f01,frame088.jpg,frame008.jpg,frame073.jpg,frame103.jpg,frame229.jpg
2,aabf09,frame024.jpg,frame129.jpg,frame100.jpg,frame095.jpg,frame058.jpg
3,5f15,frame053.jpg,frame109.jpg,frame205.jpg,frame187.jpg,frame079.jpg
4,3f07,frame088.jpg,frame026.jpg,frame172.jpg,frame134.jpg,frame047.jpg
5,8f18,frame138.jpg,frame004.jpg,frame148.jpg,frame178.jpg,frame122.jpg
6,4f24,frame142.jpg,frame217.jpg,frame080.jpg,frame205.jpg,frame249.jpg
7,3f12,frame247.jpg,frame201.jpg,frame089.jpg,frame045.jpg,frame231.jpg
8,3f10,frame039.jpg,frame074.jpg,frame052.jpg,frame170.jpg,frame089.jpg
9,5f20,frame082.jpg,frame003.jpg,frame060.jpg,frame030.jpg,frame209.jpg
10,5f19,frame104.jpg,frame169.jpg,frame152.jpg,frame139.jpg,frame213.jpg
11,7f11,frame160.jpg,frame125.jpg,frame153.jpg,frame111.jpg,frame141.jpg
12,7f20,frame133.jpg,frame179.jpg,frame164.jpg,frame084.jpg,frame049.jpg
13,7f12,frame022.jpg,frame016.jpg,frame187.jpg,frame035.jpg,frame056.jpg
14,9f20,frame119.jpg,frame121.jpg,frame058.jpg,frame068.jpg,frame075.jpg
15,2f07,frame072.jpg,frame070.jpg,frame220.jpg,frame069.jpg,frame099.jpg
16,1f03,frame082.jpg,frame014.jpg,frame193.jpg,frame068.jpg,frame121.jpg
17,1f19,frame190.jpg,frame003.jpg,frame169.jpg,frame137.jpg,frame239.jpg
18,aabf10,frame238.jpg,frame071.jpg,frame196.jpg,frame232.jpg,frame159.jpg
19,aabf16,frame125.jpg,frame057.jpg,frame029.jpg,frame201.jpg,frame117.jpg
20,7g11,frame001.jpg,frame187.jpg,frame045.jpg,frame121.jpg,frame068.jpg
21,2f08,frame156.jpg,frame121.jpg,frame005.jpg,frame128.jpg,frame179.jpg
22,9f09,frame184.jpg,frame005.jpg,frame062.jpg,frame020.jpg,frame074.jpg
23,7f06,frame148.jpg,frame042.jpg,frame130.jpg,frame128.jpg,frame191.jpg
24,9f15,frame102.jpg,frame211.jpg,frame170.jpg,frame103.jpg,frame072.jpg
25,4f23,frame206.jpg,frame074.jpg,frame214.jpg,frame228.jpg,frame244.jpg
26,8f04,frame166.jpg,frame209.jpg,frame011.jpg,frame095.jpg,frame131.jpg
27,aabf20,frame055.jpg,frame145.jpg,frame151.jpg,frame123.jpg,frame168.jpg
28,7f01,frame100.jpg,frame066.jpg,frame115.jpg,frame007.jpg,frame156.jpg
6499-e1f4-f6b8-0dc5,2f33,frame221.jpg,frame027.jpg,frame195.jpg,frame011.jpg,frame038.jpg
dac9-80bf-1785-e17e,5f06,frame005.jpg,frame127.jpg,frame060.jpg,frame050.jpg,frame088.jpg
3dd6-7830-b552-d1de,2f11,frame095.jpg,frame052.jpg,frame235.jpg,frame121.jpg,frame072.jpg
8c99-c19c-35a9-d8b7,5f04,frame006.jpg,frame058.jpg,frame171.jpg,frame175.jpg,frame181.jpg
538f-9d39-7d02-5908,3f01,frame121.jpg,frame116.jpg,frame043.jpg,frame012.jpg,frame202.jpg
5417-075c-118b-d7dd,1f10,frame126.jpg,frame040.jpg,frame077.jpg,frame209.jpg,frame170.jpg
dc66-b819-7734-bd6c,2f33,frame183.jpg,frame067.jpg,frame185.jpg,frame084.jpg,frame223.jpg
